Date,Open,High,Low,Close,Volume
2013-01-02,74.63,75.055,73.72,74.36,279133
2013-01-03,74.46,75.49,74.32,74.75,121440
2013-01-04,75.33,76.22,74.89,75.85,70085
2013-01-07,75.78,76.35,75.32,75.32,82380
2013-01-08,75.3,75.94,73.96,74.26,175708
2013-01-09,74.49,74.91,73.85,74.36,100837
2013-01-10,74.73,74.9,74.435,74.65,97766
2013-01-11,74.66,74.74,74.06,74.11,73793
2013-01-14,74.09,74.18,73.34,73.54,64525
2013-01-15,73.17,73.25,72.3301,73.0,99441
2013-01-16,73.04,73.355,72.64,73.12,138270
2013-01-17,73.41,73.9298,72.19,72.99,96430
2013-01-18,72.84,74.07,72.84,73.81,47879
2013-01-22,73.7,74.17,73.05,74.09,116376
2013-01-23,73.88,74.68,73.83,74.28,76162
2013-01-24,74.25,74.94,73.64,74.74,47090
2013-01-25,75.0,75.24,74.18,75.12,81450
2013-01-28,75.03,76.08,74.48,75.96,112461
2013-01-29,75.78,76.84,75.49,76.76,112340
2013-01-30,76.5,76.5,72.12,75.31,120511
2013-01-31,76.15,77.64,75.79,77.55,173734
2013-02-01,77.66,78.63,77.63,78.39,143605
2013-02-04,77.05,77.99,76.32,76.64,142709
2013-02-05,76.94,77.78,76.94,77.31,85379
2013-02-06,77.0,77.65,76.3705,77.55,83849
2013-02-07,77.69,78.0499,77.0,77.7,96325
2013-02-08,77.8,78.31,77.74,78.2,66084
2013-02-11,78.0,78.22,77.58,77.9,82354
2013-02-12,77.9,78.3,77.8,78.17,48005
2013-02-13,78.14,78.3,77.26,78.25,67742
2013-02-14,77.84,78.47,77.84,78.3,54323
2013-02-15,78.5,79.76,78.26,78.66,73161
2013-02-19,79.18,80.35,78.66,80.31,87997
2013-02-20,80.16,80.49,79.16,79.23,112302
2013-02-21,79.24,79.37,78.01,78.13,93096
2013-02-22,78.62,78.96,78.29,78.89,27569
2013-02-25,79.33,79.33,77.04,77.08,120510
2013-02-26,77.5,77.5,75.74,75.79,209548
2013-02-27,75.62,76.73,73.9,75.97,412826
2013-02-28,75.72,79.27,75.72,78.7,287516
2013-03-01,78.14,78.9899,76.84,78.84,96103
2013-03-04,78.5,78.97,77.75,78.72,83972
2013-03-05,79.0,79.31,78.5,78.89,100068
2013-03-06,79.21,79.27,78.63,79.24,57187
2013-03-07,79.0,79.3,78.33,79.21,38686
2013-03-08,79.76,79.76,78.61,79.2,105344
2013-03-11,79.22,79.35,78.46,79.35,113159
2013-03-12,79.06,79.97,79.06,79.83,67006
2013-03-13,80.0,80.01,78.8,78.99,51212
2013-03-14,78.99,79.4999,78.6201,79.01,85497
2013-03-15,78.9,79.92,78.62,79.67,210209
2013-03-18,78.86,79.29,77.89,78.45,96209
2013-03-19,78.36,79.56,77.85,79.14,114484
2013-03-20,79.43,81.24,79.31,81.24,86332
2013-03-21,80.74,81.79,80.11,81.53,75709
2013-03-22,81.92,82.23,81.02,81.9,101516
2013-03-25,82.0,83.12,81.29,82.31,91814
2013-03-26,82.68,83.67,82.3,83.37,94865
2013-03-27,83.17,83.62,82.49,82.84,99842
2013-03-28,82.94,87.186,82.36,85.87,139272
2013-04-01,86.04,86.49,83.97,84.41,136005
2013-04-02,82.38,84.49,82.0,84.25,175671
2013-04-03,84.34,84.34,81.78,81.78,68656
2013-04-04,82.08,82.29,80.94,81.22,63945
2013-04-05,80.27,80.84,79.55,80.62,42217
2013-04-08,80.77,81.23,79.84,81.15,91825
2013-04-09,81.41,83.56,81.07,82.4,73400
2013-04-10,82.38,83.99,82.38,83.51,76169
2013-04-11,83.21,84.78,83.19,83.52,60475
2013-04-12,83.49,84.36,82.91,83.34,61032
2013-04-15,83.24,83.7,79.93,80.14,99742
2013-04-16,80.77,84.48,80.4,83.91,80658
2013-04-17,83.17,85.65,82.4001,85.33,122578
2013-04-18,85.68,86.82,84.09,86.325,107720
2013-04-19,86.36,89.6,86.36,89.59,271575
2013-04-22,89.73,92.18,89.32,91.81,227321
2013-04-23,91.5,92.63,91.01,91.4,360391
2013-04-24,91.31,91.31,86.31,87.19,242956
2013-04-25,87.5,90.41,86.71,86.77,137682
2013-04-26,87.22,87.54,86.17,86.67,154794
2013-04-29,87.18,87.79,86.55,87.0,112019
2013-04-30,86.82,89.04,86.79,88.86,82347
2013-05-01,88.88,89.29,88.48,88.62,97272
2013-05-02,88.7,90.35,88.39,90.15,41937
2013-05-03,90.99,91.88,90.13,90.56,60886
2013-05-06,90.36,92.0,89.995,90.9,79065
2013-05-07,90.89,93.04,90.45,93.04,68346
2013-05-08,93.1,94.11,92.54,93.31,230628
2013-05-09,93.03,93.35,92.56,92.69,60362
2013-05-10,92.92,94.15,92.79,93.79,43099
2013-05-13,93.97,94.08,92.21,92.5,80969
2013-05-14,92.0,92.0,86.76,88.07,586716
2013-05-15,87.93,90.89,86.62,90.694,257991
2013-05-16,90.44,90.81,89.89,90.23,59630
2013-05-17,90.75,90.75,89.29,90.37,92602
2013-05-20,89.77,91.01,89.15,89.6,119621
2013-05-21,89.5,89.84,87.5,87.82,136910
2013-05-22,88.03,90.23,87.79,88.25,218247
2013-05-23,87.95,90.0,87.68,88.24,122468
2013-05-24,88.11,89.67,87.56,89.25,91513
2013-05-28,90.61,92.0,90.61,91.68,162771
2013-05-29,91.48,92.0,90.596,91.71,112974
2013-05-30,91.65,93.23,91.65,92.99,82062
2013-05-31,92.85,93.4,92.3,92.36,65346
2013-06-03,92.106,94.29,91.88,93.88,134873
2013-06-04,94.24,94.99,92.83,92.84,99390
2013-06-05,92.76,93.219,91.906,92.58,107082
2013-06-06,92.81,94.16,92.52,94.14,83493
2013-06-07,94.6,94.92,93.55,93.91,67909
2013-06-10,94.24,94.59,92.43,93.56,63463
2013-06-11,93.16,94.88,92.41,93.75,60356
2013-06-12,94.16,94.24,91.77,92.69,69098
2013-06-13,92.48,93.76,91.67,93.54,44362
2013-06-14,93.66,94.29,92.74,92.87,38804
2013-06-17,93.12,94.02,92.96,93.47,58684
2013-06-18,93.33,94.95,91.75,92.73,105827
2013-06-19,92.88,92.88,88.251,89.57,189201
2013-06-20,88.52,89.43,86.631,86.96,186079
2013-06-21,87.3,87.8,85.78,87.22,308049
2013-06-24,86.53,89.01,86.11,88.13,108124
2013-06-25,87.192,89.12,87.192,88.73,80488
2013-06-26,89.18,89.18,87.23,87.26,98215
2013-06-27,87.47,87.845,87.01,87.5,68169
2013-06-28,87.4,87.7325,86.72,86.94,163548
2013-07-01,86.96,87.4,85.91,86.64,97910
2013-07-02,86.34,88.73,86.2901,88.66,82300
2013-07-03,88.1,88.91,86.95,88.71,20880
2013-07-05,85.66,86.99,77.61,78.2,694240
2013-07-08,77.88,78.47,76.5,77.7,383913
2013-07-09,78.09,78.17,75.125,76.0,288440
2013-07-10,77.67,80.62,75.971,77.74,320987
2013-07-11,78.66,80.57,78.22,80.11,185964
2013-07-12,79.95,82.73,79.95,82.0,97625
2013-07-15,81.61,81.61,79.7303,80.17,199919
2013-07-16,80.0,82.0,79.81,80.71,219500
2013-07-17,80.22,82.2,80.16,81.53,126763
2013-07-18,81.77,83.6,81.77,82.07,77108
2013-07-19,82.22,85.35,81.55,85.18,231444
2013-07-22,84.98,85.71,84.11,85.07,181602
2013-07-23,85.49,86.14,84.342,85.16,321135
2013-07-24,85.1,85.18,83.12,83.74,180753
2013-07-25,84.0,85.5,79.25,80.1,401846
2013-07-26,80.0,82.3352,79.37,81.67,143023
2013-07-29,81.83,83.0,80.87,81.05,212978
2013-07-30,81.37,82.74,81.05,82.23,70563
2013-07-31,82.62,84.01,82.51,83.28,73574
2013-08-01,83.11,86.53,83.11,86.01,117847
2013-08-02,85.68,87.3,85.0,85.73,141064
2013-08-05,85.39,86.16,84.99,85.35,56253
2013-08-06,84.97,85.105,83.53,84.2,75928
2013-08-07,83.96,84.44,82.94,83.73,101480
2013-08-08,84.03,85.75,83.38,85.178,107138
2013-08-09,84.82,85.67,84.34,84.7,25998
2013-08-12,85.95,86.3,84.17,85.7,50769
2013-08-13,85.52,87.4,85.08,87.36,50655
2013-08-14,87.16,87.32,86.18,86.62,79470
2013-08-15,85.73,86.12,84.93,85.79,87197
2013-08-16,85.91,87.26,85.26,86.81,88365
2013-08-19,86.67,88.0,86.03,86.06,81910
2013-08-20,86.24,89.51,86.24,88.18,184974
2013-08-21,88.05,88.35,86.95,87.81,55846
2013-08-22,87.09,87.724,86.11,87.03,81743
2013-08-23,86.95,88.4,86.4,86.77,28245
2013-08-26,86.64,87.15,85.75,86.37,58958
2013-08-27,85.52,86.74,84.23,84.58,42879
2013-08-28,84.52,85.15,83.53,84.65,28784
2013-08-29,84.55,86.26,84.27,86.21,46346
2013-08-30,85.88,86.54,85.23,85.67,43237
2013-09-03,86.14,86.99,85.41,86.63,66118
2013-09-04,86.66,86.66,84.24,85.74,89949
2013-09-05,85.99,85.99,84.22,84.61,111508
2013-09-06,84.77,85.5,82.91,84.99,56683
2013-09-09,84.98,86.76,84.67,86.56,54692
2013-09-10,87.05,87.44,86.08,86.79,43985
2013-09-11,82.5,85.75,82.1,85.64,178405
2013-09-12,85.12,85.74,84.47,85.07,119613
2013-09-13,85.48,87.08,84.46,87.02,117563
2013-09-16,87.55,87.84,87.075,87.14,89959
2013-09-17,87.47,88.0,86.665,87.77,49320
2013-09-18,87.51,88.95,87.16,88.42,62595
2013-09-19,88.76,89.995,88.51,89.46,97916
2013-09-20,89.44,90.15,87.85,88.49,259196
2013-09-23,88.71,89.2662,87.15,88.6,57869
2013-09-24,88.58,90.34,87.68,89.09,88333
2013-09-25,89.15,89.49,87.857,88.628,63721
2013-09-26,88.51,90.57,88.51,89.86,125411
2013-09-27,89.74,90.42,89.49,89.93,60123
2013-09-30,88.93,90.7,87.1,89.92,176214
2013-10-01,93.8,100.82,93.59,99.47,378084
2013-10-02,99.22,100.658,98.6201,99.49,128199
2013-10-03,99.15,99.3,97.43,97.48,90171
2013-10-04,97.84,99.98,96.69,96.98,135849
2013-10-07,96.5,98.14,96.5,97.56,102618
2013-10-08,97.83,98.75,95.86,97.56,97304
2013-10-09,97.55,98.08,95.14,95.44,93963
2013-10-10,96.51,98.74,96.21,97.45,87472
2013-10-11,96.97,98.47,96.38,98.02,62974
2013-10-14,97.04,98.3839,96.74,97.93,113332
2013-10-15,97.47,98.66,97.34,97.75,62255
2013-10-16,98.15,98.97,97.47,98.54,79690
2013-10-17,98.43,101.455,98.43,100.74,125955
2013-10-18,101.47,103.56,101.44,101.94,132411
2013-10-21,102.31,105.75,102.31,105.36,114579
2013-10-22,105.6,107.59,105.53,107.15,133314
2013-10-23,106.65,107.98,105.88,107.33,156032
2013-10-24,99.8,101.6,94.16,99.56,494544
2013-10-25,100.39,102.08,99.801,101.93,120453
2013-10-28,102.61,103.78,100.44,103.29,153657
2013-10-29,103.21,105.37,103.21,104.6,130655
2013-10-30,104.54,105.34,103.35,104.18,91043
2013-10-31,104.27,105.28,103.87,104.12,103397
2013-11-01,103.95,104.519,100.465,101.29,156942
2013-11-04,91.85,93.0,88.0,88.89,902337
2013-11-05,89.35,90.49,88.755,89.21,356208
2013-11-06,89.54,90.25,88.8343,89.7,144801
2013-11-07,89.75,90.0,85.655,87.59,322843
2013-11-08,87.48,89.61,87.02,88.32,225491
2013-11-11,88.49,89.67,87.12,89.47,179387
2013-11-12,89.0,91.65,89.0,91.4,282746
2013-11-13,90.25,92.63,90.25,92.5,222025
2013-11-14,92.24,92.38,91.06,91.97,136348
2013-11-15,91.43,91.979,91.21,91.48,246385
2013-11-18,91.52,92.6,91.5,91.7,212615
2013-11-19,91.74,92.49,91.22,92.11,133084
2013-11-20,92.28,92.73,90.8,91.4,101304
2013-11-21,91.53,92.37,90.3875,92.15,136979
2013-11-22,92.45,93.71,91.75,91.86,126042
2013-11-25,91.9,92.97,90.46,90.62,153093
2013-11-26,90.61,92.19,89.73,91.76,174906
2013-11-27,91.56,92.58,90.842,92.11,136258
2013-11-29,92.64,92.64,91.82,92.32,18280
2013-12-02,92.5,92.5,88.4125,88.68,189404
2013-12-03,88.28,89.39,87.38,88.65,149993
2013-12-04,88.15,89.98,87.52,89.71,85846
2013-12-05,89.46,90.69,88.81,89.26,71445
2013-12-06,90.12,91.41,88.88,89.81,77324
2013-12-09,89.67,91.18,89.51,91.05,93948
2013-12-10,90.67,90.72,87.01,87.38,141330
2013-12-11,87.44,88.6,85.01,85.7,94038
2013-12-12,85.79,87.2,85.29,86.52,173768
2013-12-13,86.53,87.59,85.02,85.55,140581
2013-12-16,85.66,86.88,85.16,86.13,96589
2013-12-17,85.86,86.27,84.24,84.76,144184
2013-12-18,85.1,86.57,84.22,86.19,137423
2013-12-19,85.62,86.26,84.93,85.44,157907
2013-12-20,85.8,86.28,84.34,84.67,282110
2013-12-23,84.71,85.81,84.53,85.02,197107
2013-12-24,85.32,85.95,85.15,85.38,49391
2013-12-26,85.86,86.77,85.54,86.69,78709
2013-12-27,87.01,87.5171,85.98,87.0,75278
2013-12-30,86.71,88.7,86.58,88.3,83529
2013-12-31,88.17,89.44,87.41,87.53,90985
2014-01-02,87.03,88.082,84.95,84.99,99606
2014-01-03,85.01,87.83,84.53,87.59,101379
2014-01-06,87.62,88.455,85.045,85.45,143941
2014-01-07,87.08,90.67,86.12,90.34,201686
2014-01-08,90.33,90.9999,88.77,89.49,125661
2014-01-09,89.45,90.0,88.3801,89.09,83730
2014-01-10,88.91,89.83,88.35,89.66,92677
2014-01-13,89.2,89.94,88.91,89.53,88092
2014-01-14,89.99,90.458,89.0,90.09,157839
2014-01-15,89.73,91.35,89.52,90.55,124751
2014-01-16,90.25,91.18,89.82,90.39,84393
2014-01-17,90.53,90.53,85.23,85.35,405286
2014-01-21,85.92,87.585,85.6,86.58,135254
2014-01-22,86.4,89.55,86.4,88.97,140925
2014-01-23,88.93,88.93,86.48,87.29,105807
2014-01-24,87.12,88.51,85.85,87.06,133971
2014-01-27,87.76,89.11,86.24,87.98,159069
2014-01-28,92.0,101.31,90.0101,100.46,475426
2014-01-29,98.44,100.4,96.16,96.41,194614
2014-01-30,97.41,99.21,95.958,97.21,119519
2014-01-31,95.54,97.79,95.19,95.69,105818
2014-02-03,95.17,96.2425,92.65,94.67,158141
2014-02-04,94.92,95.63,92.59,92.89,194026
2014-02-05,92.36,93.4,90.21,92.55,224743
2014-02-06,93.01,95.87,92.3245,95.63,185371
2014-02-07,96.59,97.96,92.775,94.45,251186
2014-02-10,94.51,98.4,93.46,98.26,206956
2014-02-11,98.0,98.0,95.0,95.11,131176
2014-02-12,95.56,97.98,95.07,97.76,210890
2014-02-13,96.91,100.87,96.91,99.96,183886
2014-02-14,100.01,100.77,98.4,100.26,160881
2014-02-18,100.58,101.015,99.67,100.0,130860
2014-02-19,100.0,100.5,97.6,98.09,127213
2014-02-20,97.7,102.4,97.7,100.33,172432
2014-02-21,100.5,101.56,99.12,101.2,124746
2014-02-24,101.2,103.62,101.2,101.375,170610
2014-02-25,101.25,101.95,99.95,101.44,211018
2014-02-26,101.34,102.435,97.81,98.35,132379
2014-02-27,97.88,98.61,95.5999,97.19,141161
2014-02-28,97.51,97.86,94.58,95.85,198897
2014-03-03,95.37,96.33,94.17,96.02,136540
2014-03-04,97.17,98.68,96.32,97.64,237171
2014-03-05,97.7,98.54,96.43,97.15,70508
2014-03-06,97.39,98.06,96.93,97.72,123037
2014-03-07,98.48,98.86,97.17,98.46,146451
2014-03-10,98.12,98.9,97.86,98.16,91712
2014-03-11,97.88,98.47,96.6,97.0,83148
2014-03-12,96.13,98.03,95.851,97.32,104677
2014-03-13,95.81,98.28,76.0848,78.25,2343441
2014-03-14,75.01,83.47,75.01,81.03,708015
2014-03-17,81.22,82.646,78.85,79.09,409622
2014-03-18,78.2,79.642,73.85,77.35,676230
2014-03-19,77.94,77.94,74.99,75.62,297925
2014-03-20,75.59,77.4,74.2,75.33,258510
2014-03-21,74.97,75.05,73.62,73.99,389286
2014-03-24,74.47,76.8,73.12,73.99,341752
2014-03-25,74.61,74.61,72.0,72.76,300162
2014-03-26,73.01,74.65,71.77,71.85,370706
2014-03-27,72.13,75.15,71.58,73.69,234446
2014-03-28,73.72,74.81,72.77,73.81,215186
2014-03-31,74.23,75.69,74.03,75.08,264153
2014-04-01,75.43,76.675,75.352,75.91,274627
2014-04-02,76.47,76.856,75.29,76.29,300647
2014-04-03,76.35,77.045,75.78,76.29,161536
2014-04-04,76.38,78.01,75.68,76.43,214042
2014-04-07,75.85,78.11,75.85,77.89,235302
2014-04-08,77.74,78.68,77.1501,78.11,106434
2014-04-09,78.55,79.77,78.51,79.46,119340
2014-04-10,79.8,80.38,78.7701,80.0,161466
2014-04-11,79.64,80.0,78.382,78.99,162531
2014-04-14,79.44,80.66,78.71,79.97,98134
2014-04-15,79.94,80.47,77.78,79.28,164301
2014-04-16,79.4,79.81,78.01,78.24,87523
2014-04-17,77.96,79.38,76.61,78.28,231253
2014-04-21,79.9,80.86,78.29,80.46,132029
2014-04-22,80.19,82.565,79.7,81.94,148765
2014-04-23,81.49,82.21,80.4001,80.59,91402
2014-04-24,81.28,82.97,78.92,80.35,116039
2014-04-25,79.97,83.22,78.3701,79.4,129321
2014-04-28,79.35,81.31,78.14,80.5,239950
2014-04-29,78.0,81.0,75.55,75.79,460470
2014-04-30,75.38,75.67,71.9,72.6,563318
2014-05-01,72.6,75.14,71.63,75.01,368637
2014-05-02,75.0,77.41,73.67,76.84,207438
2014-05-05,76.24,77.455,75.09,76.7,238586
2014-05-06,76.21,78.435,74.75,75.99,206673
2014-05-07,75.9,78.225,75.48,77.4,292109
2014-05-08,77.27,78.38,76.4301,77.73,191438
2014-05-09,77.47,78.105,77.01,77.3,191796
2014-05-12,77.07,80.61,77.07,79.3,257321
2014-05-13,79.48,80.05,79.01,79.31,144434
2014-05-14,79.27,79.27,76.5,77.66,167871
2014-05-15,77.16,77.95,76.17,77.35,155633
2014-05-16,77.07,78.18,77.029,77.97,85905
2014-05-19,77.45,78.37,77.35,78.13,72707
2014-05-20,77.83,77.83,75.71,76.64,148126
2014-05-21,76.81,79.3074,76.803,79.06,122086
2014-05-22,79.0,80.21,78.97,79.01,88561
2014-05-23,79.16,80.22,79.0001,79.98,124371
2014-05-27,80.43,81.26,79.29,80.12,155115
2014-05-28,80.25,80.51,79.33,80.35,154046
2014-05-29,80.44,80.66,78.19,78.86,128159
2014-05-30,78.85,79.8559,78.46,78.99,234211
2014-06-02,79.0,80.25,78.26,79.57,190708
2014-06-03,79.24,79.83,73.95,74.88,491089
2014-06-04,74.33,75.87,73.435,74.45,111436
2014-06-05,74.57,75.64,73.7414,75.3,86921
2014-06-06,75.48,77.65,75.17,75.54,102556
2014-06-09,75.5,77.34,75.04,76.37,61464
2014-06-10,76.03,76.57,75.93,76.11,83495
2014-06-11,75.97,76.88,75.825,76.44,43392
2014-06-12,76.36,77.2056,75.57,76.34,101065
2014-06-13,76.63,77.62,76.63,76.81,106141
2014-06-16,76.63,78.37,76.22,78.29,80431
2014-06-17,78.15,80.258,77.55,80.02,151346
2014-06-18,80.24,80.356,79.27,79.91,69979
2014-06-19,80.29,80.945,79.52,79.84,120262
2014-06-20,80.29,81.26,79.45,79.6,166381
2014-06-23,79.49,79.49,77.29,77.66,106355
2014-06-24,77.83,78.39,76.69,76.82,69851
2014-06-25,75.98,77.16,75.4,76.71,76158
2014-06-26,76.64,76.975,75.47,76.59,118525
2014-06-27,76.21,77.32,75.66,76.11,165296
2014-06-30,75.88,76.4875,75.48,75.96,84486
2014-07-01,76.25,78.895,76.008,78.22,128257
2014-07-02,78.37,79.25,77.676,78.93,117312
2014-07-03,78.97,79.99,78.68,79.54,88912
2014-07-07,79.3,79.85,77.11,77.63,120056
2014-07-08,77.69,78.225,76.03,77.02,99839
2014-07-09,77.37,77.37,76.0,76.75,66180
2014-07-10,75.51,75.97,75.0,75.45,76186
2014-07-11,75.27,75.74,74.85,75.61,62852
2014-07-14,76.05,76.7299,74.042,74.54,77951
2014-07-15,74.56,75.286,74.01,74.71,75201
2014-07-16,74.87,75.57,74.46,74.96,69525
2014-07-17,74.83,75.97,74.01,75.53,112770
2014-07-18,75.34,76.94,75.07,76.75,134380
2014-07-21,76.72,76.72,74.27,75.28,206247
2014-07-22,73.5,78.4,73.5,77.04,186496
2014-07-23,77.39,79.489,76.1601,79.13,156169
2014-07-24,79.56,81.63,77.8801,80.96,249723
2014-07-25,80.47,81.18,79.303,81.01,148044
2014-07-28,81.13,82.76,80.63,82.67,122107
2014-07-29,82.62,82.9799,81.1603,82.3,150606
2014-07-30,82.63,83.42,82.25,82.85,158354
2014-07-31,82.25,82.25,80.96,81.08,183552
2014-08-01,81.2,82.23,80.14,81.99,233538
2014-08-04,82.17,82.56,81.02,81.99,119914
2014-08-05,81.81,82.1,81.09,81.21,64931
2014-08-06,80.91,81.3399,80.53,80.68,71493
2014-08-07,80.95,81.65,80.54,80.9,92097
2014-08-08,81.05,81.46,80.56,81.26,95391
2014-08-11,81.26,82.3837,80.764,81.85,252657
2014-08-12,81.72,82.6,81.57,82.58,162084
2014-08-13,82.72,83.29,81.39,81.75,119447
2014-08-14,81.66,82.2,81.18,82.07,64373
2014-08-15,82.8,84.08,82.29,83.92,83141
2014-08-18,84.25,85.69,83.766,85.62,62788
2014-08-19,85.45,86.32,85.3,85.82,94044
2014-08-20,85.68,86.58,85.22,85.99,120307
2014-08-21,86.15,86.15,83.81,84.45,95805
2014-08-22,83.46,83.46,78.67,79.96,256033
2014-08-25,80.06,80.71,78.195,79.22,97044
2014-08-26,79.08,80.1,78.26,79.7,124695
2014-08-27,79.97,80.67,79.21,80.15,165658
2014-08-28,80.02,80.02,78.54,78.56,100273
2014-08-29,78.67,79.23,77.56,78.34,100223
2014-09-02,78.74,79.99,78.2,79.58,99536
2014-09-03,79.96,80.95,79.39,80.48,125033
2014-09-04,80.43,81.1,80.23,80.6,62508
2014-09-05,80.06,80.7799,75.12,76.95,296484
2014-09-08,71.95,72.0,67.63,71.18,1577330
2014-09-09,71.0,72.38,70.41,71.27,298833
2014-09-10,71.42,71.99,71.05,71.56,133801
2014-09-11,71.58,72.559,71.25,71.68,140442
2014-09-12,71.71,72.19,71.25,71.54,102164
2014-09-15,71.78,73.2,71.4001,72.27,132293
2014-09-16,71.97,72.7,71.454,72.41,121177
2014-09-17,72.65,73.35,72.47,73.11,148271
2014-09-18,73.58,74.5,72.5446,73.2,103842
2014-09-19,73.45,73.98,72.69,73.09,182163
2014-09-22,72.65,72.87,71.73,71.92,103199
2014-09-23,71.52,72.0,70.49,70.55,131312
2014-09-24,70.52,70.84,70.108,70.62,87877
2014-09-25,70.36,70.36,68.37,69.11,155350
2014-09-26,69.24,70.5896,68.366,69.3,81073
2014-09-29,68.62,69.29,68.44,68.69,123187
2014-09-30,68.96,71.08,67.45,67.5,129799
2014-10-01,67.34,68.25,66.77,67.27,147414
2014-10-02,67.18,68.63,66.726,68.14,111237
2014-10-03,68.55,68.82,67.86,68.01,54048
2014-10-06,68.33,68.67,67.73,67.81,79345
2014-10-07,67.19,68.13,66.45,66.62,113527
2014-10-08,66.38,69.16,65.9,68.99,395866
2014-10-09,68.69,69.04,66.84,67.51,103632
2014-10-10,67.11,69.41,67.11,68.65,161146
2014-10-13,68.77,69.62,67.48,67.67,76613
2014-10-14,68.0,69.684,67.85,69.19,70039
2014-10-15,68.23,68.79,67.77,67.99,149815
2014-10-16,67.51,68.46,67.38,68.0,121559
2014-10-17,68.0,68.375,65.665,66.26,140206
2014-10-20,66.25,67.508,65.98,67.3,155913
2014-10-21,67.43,67.85,66.54,67.6,311046
2014-10-22,63.99,68.82,63.25,66.17,509812
2014-10-23,66.25,66.52,64.556,66.36,309884
2014-10-24,66.15,69.0,66.15,67.34,146497
2014-10-27,67.12,67.8,65.64,67.47,105880
2014-10-28,67.44,71.3599,67.37,70.2,273108
2014-10-29,70.16,71.28,68.42,69.81,114428
2014-10-30,64.1501,71.048,64.1501,70.56,101734
2014-10-31,71.61,71.99,70.94,71.66,179774
2014-11-03,71.72,72.34,70.6801,71.35,179207
2014-11-04,71.0,72.93,70.425,72.52,167814
2014-11-05,73.28,75.2,73.0101,74.57,238256
2014-11-06,74.72,74.9,73.75,73.94,112243
2014-11-07,73.98,74.99,73.58,74.24,131124
2014-11-10,73.95,75.535,73.34,75.41,153090
2014-11-11,75.73,78.02,75.0,77.54,167852
2014-11-12,77.26,78.16,76.38,77.61,83061
2014-11-13,77.99,78.35,76.6,77.2,119883
2014-11-14,77.6,78.198,76.57,77.12,116659
2014-11-17,77.94,78.104,75.62,76.0,137209
2014-11-18,76.02,77.87,75.3,77.07,176407
2014-11-19,78.15,79.08,76.57,78.37,150932
2014-11-20,77.96,78.35,76.36,76.79,125417
2014-11-21,77.72,78.01,76.41,76.9,98270
2014-11-24,76.8,77.21,76.16,76.51,92541
2014-11-25,76.67,76.8,76.03,76.37,115681
2014-11-26,76.17,78.16,76.04,77.66,124247
2014-11-28,77.39,77.88,76.0,76.33,92958
2014-12-01,75.98,76.54,75.13,75.6,102312
2014-12-02,75.6,76.42,75.078,76.04,147390
2014-12-03,76.1,76.78,75.54,75.92,95454
2014-12-04,75.9,76.19,75.21,75.66,54857
2014-12-05,76.14,78.26,75.73,78.1,103659
2014-12-08,77.77,79.77,77.77,78.92,97509
2014-12-09,78.23,79.32,76.31,78.82,122164
2014-12-10,78.32,79.11,77.31,77.43,73503
2014-12-11,77.68,79.15,77.13,77.72,88970
2014-12-12,76.73,78.32,75.09,75.61,112829
2014-12-15,75.92,76.07,74.77,75.36,79310
2014-12-16,75.51,76.84,75.22,76.05,110475
2014-12-17,76.11,77.04,75.37,76.34,98830
2014-12-18,77.21,77.53,76.32,76.95,132647
2014-12-19,76.77,78.1,76.3,77.59,160053
2014-12-22,77.54,79.12,76.89,78.9,99314
2014-12-23,79.22,80.3,78.85,79.83,71493
2014-12-24,80.01,80.35,78.96,79.98,57137
2014-12-26,80.26,80.95,80.26,80.42,62985
2014-12-29,80.42,81.33,80.05,80.61,137022
2014-12-30,81.07,81.07,79.29,79.88,131801
2014-12-31,80.21,80.6,78.805,79.45,175810
2015-01-02,79.83,79.83,76.65,77.72,105520
2015-01-05,77.48,78.35,76.7,78.14,101749
2015-01-06,77.84,79.12,77.41,77.59,108808
2015-01-07,78.22,78.22,76.61,77.45,120406
2015-01-08,78.1,79.06,76.9,78.74,72923
2015-01-09,78.63,79.09,77.7,78.295,69841
2015-01-12,78.31,78.9,77.475,78.36,84590
2015-01-13,79.0,79.46,77.645,79.11,111808
2015-01-14,78.31,80.0,78.19,79.66,88990
2015-01-15,79.72,80.22,77.84,78.15,67352
2015-01-16,77.99,80.18,77.91,79.98,90353
2015-01-20,80.44,81.04,78.43,78.55,83410
2015-01-21,78.56,80.21,78.32,78.96,64969
2015-01-22,80.996,80.996,78.53,80.0,56250
2015-01-23,80.18,80.7,79.4301,79.49,50457
2015-01-26,79.18,80.4,78.4003,79.99,73077
2015-01-27,79.08,80.87,79.08,79.89,130806
2015-01-28,79.85,80.79,75.62,76.82,164887
2015-01-29,73.9,74.23,70.5,72.5,494386
2015-01-30,71.41,74.08,70.95,73.45,270772
2015-02-02,73.53,74.05,72.25,73.48,204330
2015-02-03,73.71,74.94,73.03,74.71,158768
2015-02-04,74.57,74.94,73.95,74.13,193445
2015-02-05,74.32,77.395,74.102,77.0,103330
2015-02-06,77.41,77.89,76.53,77.89,81004
2015-02-09,77.24,77.24,75.085,76.13,203971
2015-02-10,76.49,77.45,76.0,77.21,167902
2015-02-11,76.69,78.19,76.01,78.12,126928
2015-02-12,78.09,79.535,77.235,79.0,73970
2015-02-13,79.0,79.94,78.21,78.79,80139
2015-02-17,78.92,79.701,78.35,78.83,157450
2015-02-18,78.78,80.23,78.55,80.22,67895
2015-02-19,80.34,81.1299,79.17,79.19,60861
2015-02-20,79.83,81.83,78.21,81.76,64266
2015-02-23,81.74,82.97,80.3,82.94,68799
2015-02-24,83.07,83.6156,81.31,81.35,80456
2015-02-25,80.82,81.75,78.02,81.35,131336
2015-02-26,81.09,83.62,80.56,83.2,107655
2015-02-27,83.47,83.64,81.48,82.11,111959
2015-03-02,82.39,82.89,80.65,81.05,152200
2015-03-03,81.12,81.769,79.97,80.96,141403
2015-03-04,80.89,81.6,80.56,81.27,131979
2015-03-05,81.5,81.92,80.43,81.76,112462
2015-03-06,81.39,82.98,80.8601,82.2,90232
2015-03-09,82.06,83.54,82.0,82.9,91862
2015-03-10,82.84,83.78,82.53,83.12,116804
2015-03-11,83.04,84.43,81.15,83.59,136519
2015-03-12,84.33,86.45,83.67,86.33,94855
2015-03-13,86.42,90.8145,86.35,90.66,223606
2015-03-16,90.9,90.9,88.74,88.91,129600
2015-03-17,88.87,91.02,88.04,90.37,113167
2015-03-18,90.03,91.3777,89.13,90.43,117050
2015-03-19,90.28,93.43,89.82,92.85,176116
2015-03-20,93.39,94.96,92.855,93.36,139950
2015-03-23,93.17,94.27,93.16,93.82,113304
2015-03-24,93.63,94.36,91.94,92.37,74141
2015-03-25,92.27,92.45,88.02,88.41,113112
2015-03-26,87.4,88.0,75.03,75.26,1086569
2015-03-27,75.03,79.25,74.13,74.98,817209
2015-03-30,74.93,77.64,73.795,74.69,297389
2015-03-31,74.14,75.24,71.81,72.92,183684
2015-04-01,73.08,73.9,72.15,72.92,259966
2015-04-02,72.92,73.98,71.03,71.7,253849
2015-04-06,71.44,72.47,70.8701,71.78,199420
2015-04-07,71.75,74.78,71.42,74.51,297950
2015-04-08,74.62,78.8,74.62,78.66,315547
2015-04-09,78.75,79.33,76.59,77.7,187388
2015-04-10,77.79,78.32,76.9,77.68,165960
2015-04-13,77.87,78.17,75.63,76.04,176188
2015-04-14,75.37,76.1716,72.77,73.83,148922
2015-04-15,73.8,74.42,73.09,73.78,224562
2015-04-16,73.54,74.12,73.28,73.5,187914
2015-04-17,73.12,76.07,73.03,75.28,291231
2015-04-20,75.36,76.51,74.41,75.19,213169
2015-04-21,75.22,76.04,74.69,74.78,151270
2015-04-22,74.57,75.88,73.6,74.99,103873
2015-04-23,75.11,76.43,75.11,75.34,195419
2015-04-24,75.14,76.23,74.57,74.78,153893
2015-04-27,75.16,76.45,74.7,75.91,291277
2015-04-28,75.56,77.6,75.22,76.675,289136
2015-04-29,76.33,76.89,74.23,76.18,445653
2015-04-30,84.5,91.5,80.0,84.62,722332
2015-05-01,85.27,87.3699,82.5,86.54,513226
2015-05-04,87.32,91.37,87.32,90.61,352055
2015-05-05,89.97,91.99,85.92,91.04,208297
2015-05-06,91.13,93.67,90.36,92.42,216926
2015-05-07,92.56,93.52,90.6,93.05,197603
2015-05-08,93.09,96.23,92.45,95.1,203406
2015-05-11,96.09,96.19,94.34,94.46,156375
2015-05-12,94.31,95.85,92.55,94.41,143817
2015-05-13,94.24,94.7,91.86,93.96,253985
2015-05-14,94.04,94.04,88.64,89.24,379937
2015-05-15,86.01,88.6,84.7,85.0,445919
2015-05-18,85.28,85.67,83.4,84.3,278597
2015-05-19,84.81,85.16,83.59,84.1,203409
2015-05-20,84.27,85.98,82.59,84.15,209466
2015-05-21,83.53,84.27,82.74,82.97,203564
2015-05-22,82.9,86.15,81.9,84.22,307362
2015-05-26,83.78,84.19,80.21,80.71,268486
2015-05-27,81.19,83.65,80.26,83.0,212792
2015-05-28,83.28,83.66,81.86,82.56,118248
2015-05-29,82.36,82.68,80.63,81.57,177732
2015-06-01,81.51,82.01,77.95,80.51,319919
2015-06-02,80.07,81.05,74.89,75.89,651520
2015-06-03,76.5,80.15,76.25,77.1,309053
2015-06-04,77.06,78.29,76.1,76.86,202618
2015-06-05,77.19,77.68,76.28,77.3,162100
2015-06-08,77.5,78.6,77.17,78.12,187197
2015-06-09,77.9,78.39,76.43,77.37,175486
2015-06-10,77.45,79.44,77.45,78.59,179507
2015-06-11,78.56,79.255,77.3,77.99,139886
2015-06-12,78.05,78.55,77.395,78.23,134968
2015-06-15,77.74,79.34,76.9,78.91,202911
2015-06-16,78.62,79.83,78.39,79.12,195916
2015-06-17,80.63,82.37,79.29,80.32,196118
2015-06-18,81.18,81.91,80.55,81.38,311362
2015-06-19,81.14,81.989,80.08,80.6,277772
2015-06-22,80.85,83.07,80.85,82.94,163667
2015-06-23,82.73,84.0,82.3,83.24,172051
2015-06-24,83.16,84.0399,82.2,82.82,135100
2015-06-25,69.02,70.75,62.8,63.82,2070393
2015-06-26,63.55,64.89,60.73,61.38,851831
2015-06-29,60.73,63.06,60.37,61.91,531372
2015-06-30,61.67,61.8,60.33,61.51,372853
2015-07-01,61.49,62.67,61.08,62.57,267780
2015-07-02,62.58,62.58,60.83,61.21,296126
2015-07-06,60.37,60.95,57.62,58.41,310050
2015-07-07,58.55,59.9,56.415,59.72,325603
2015-07-08,59.16,59.16,56.49,56.79,385232
2015-07-09,57.53,58.505,57.0105,57.32,249653
2015-07-10,57.55,59.75,57.25,59.32,189717
2015-07-13,58.85,60.12,58.0801,59.8,226105
2015-07-14,59.53,60.74,58.24,59.77,244695
2015-07-15,59.91,60.636,59.29,59.82,176620
2015-07-16,60.04,60.79,58.81,59.63,245626
2015-07-17,59.25,59.25,57.535,58.31,274244
2015-07-20,58.19,58.19,56.42,58.04,257146
2015-07-21,58.1,58.94,57.7,58.47,298920
2015-07-22,58.15,58.405,56.39,57.92,459818
2015-07-23,56.97,57.17,46.97,51.37,890286
2015-07-24,49.56,53.67,49.56,51.87,425602
2015-07-27,51.23,51.23,50.25,50.63,215123
2015-07-28,50.81,52.78,50.06,52.76,286364
2015-07-29,52.6,54.6845,51.88,53.67,263463
2015-07-30,53.57,53.57,52.34,53.18,273772
2015-07-31,53.9,54.75,53.84,54.42,311718
2015-08-03,54.14,55.14,53.04,53.41,222731
2015-08-04,53.37,54.0,52.26,52.37,122626
2015-08-05,52.84,53.41,50.83,51.43,191129
2015-08-06,51.66,52.13,50.4,51.34,192071
2015-08-07,51.16,51.57,49.905,50.27,143518
2015-08-10,49.86,52.18,49.86,51.8,212751
2015-08-11,35.44,36.17,30.41,34.0,2773566
2015-08-12,32.64,35.444,32.11,34.38,605014
2015-08-13,34.26,34.51,33.47,33.89,238868
2015-08-14,33.63,34.05,33.46,33.69,162475
2015-08-17,33.69,34.26,33.3,34.22,103869
2015-08-18,34.02,34.44,33.735,33.89,134229
2015-08-19,33.92,34.26,33.3001,34.02,131910
2015-08-20,33.54,34.32,33.51,34.1,155456
2015-08-21,33.63,35.17,33.63,35.01,168174
2015-08-24,34.05,35.98,33.46,34.89,179305
2015-08-25,35.85,36.45,35.17,36.21,199142
2015-08-26,37.02,37.16,35.21,35.93,217586
2015-08-27,36.74,37.01,36.1,36.7,121483
2015-08-28,36.5,37.434,36.13,36.55,116124
2015-08-31,36.3,38.12,36.3,37.58,176885
2015-09-01,36.91,37.37,36.15,36.51,106365
2015-09-02,36.81,37.36,35.84,37.13,128373
2015-09-03,37.04,37.25,34.87,34.99,422121
2015-09-04,34.43,34.59,33.02,33.23,149276
2015-09-08,34.22,35.3,33.28,35.0,152668
2015-09-09,35.61,35.61,34.1,34.24,119717
2015-09-10,34.35,34.35,32.26,32.43,196290
2015-09-11,32.4,32.4,27.03,28.98,720951
2015-09-14,28.91,29.22,27.3801,28.65,291487
2015-09-15,28.86,29.12,27.4,27.49,383595
2015-09-16,27.62,28.05,27.31,27.67,304517
2015-09-17,27.6,28.3799,27.34,27.75,274042
2015-09-18,27.54,27.9,27.01,27.41,410146
2015-09-21,27.63,29.25,27.43,29.12,186334
2015-09-22,28.67,29.43,28.061,28.54,96449
2015-09-23,28.76,31.33,28.26,28.31,318682
2015-09-24,28.21,28.25,27.15,27.37,230783
2015-09-25,28.04,28.04,26.8,27.43,144127
2015-09-28,27.43,28.005,26.44,26.71,118925
2015-09-29,26.97,27.36,26.51,26.71,147180
2015-09-30,27.14,27.59,25.3,26.84,305829
2015-10-01,26.74,30.93,26.74,26.94,474342
2015-10-02,26.72,26.93,25.584,26.7,162580
2015-10-05,26.96,29.4067,26.86,28.58,250750
2015-10-06,28.4,29.63,28.01,29.34,173452
2015-10-07,29.37,30.34,29.2,30.08,254870
2015-10-08,29.88,31.115,29.33,30.47,192778
2015-10-09,30.6,31.044,30.13,30.33,175321
2015-10-12,30.29,30.7,27.76,28.8,72503
2015-10-13,28.57,29.91,28.55,28.58,61533
2015-10-14,28.5,30.57,28.5,29.1,70332
2015-10-15,29.17,29.66,28.85,29.31,131565
2015-10-16,29.43,29.43,28.67,28.96,158952
2015-10-19,28.86,31.62,28.86,30.8,216394
2015-10-20,30.83,31.82,30.0,31.01,124303
2015-10-21,30.98,33.72,29.0539,33.16,148764
2015-10-22,33.48,36.13,33.04,33.05,208202
2015-10-23,33.43,35.16,33.1612,34.93,100497
2015-10-26,35.31,35.31,33.19,34.72,141231
2015-10-27,34.71,34.8499,33.075,33.54,137234
2015-10-28,33.72,37.98,33.17,37.25,193604
2015-10-29,36.62,46.19,34.63,40.6,340594
2015-10-30,41.1,41.1,37.36,38.13,224817
2015-11-02,38.01,39.15,36.45,37.52,129902
2015-11-03,37.39,38.8,37.25,37.89,140888
2015-11-04,38.08,39.84,37.52,39.82,123099
2015-11-05,40.28,46.67,39.58,45.48,311413
2015-11-06,45.5,47.0388,45.13,46.09,249291
2015-11-09,46.36,47.805,45.53,47.15,179600
2015-11-10,46.77,46.77,41.65,41.75,172678
2015-11-11,41.66,41.855,37.76,39.0,253082
2015-11-12,38.61,39.93,37.77,38.9,180351
2015-11-13,38.68,38.68,35.75,36.17,145144
2015-11-16,35.99,35.99,34.46,34.76,114385
2015-11-17,34.64,36.0,34.26,34.93,141249
2015-11-18,35.09,36.97,34.75,35.82,118243
2015-11-19,35.57,37.59,35.41,37.0,183435
2015-11-20,37.16,38.69,36.51,38.32,105069
2015-11-23,38.14,41.46,37.6,40.1,172900
2015-11-24,39.99,40.69,38.6201,39.42,97716
2015-11-25,39.27,41.08,38.96,40.65,79885
2015-11-27,40.79,42.33,39.87,40.22,45414
2015-11-30,39.92,43.57,39.92,43.14,190830
2015-12-01,42.66,44.22,42.17,43.96,159924
2015-12-02,43.68,44.39,42.75,43.0,204809
2015-12-03,43.0,43.0,41.26,42.08,112265
2015-12-04,42.17,43.81,42.17,42.9,106267
2015-12-07,42.77,43.79,41.75,41.98,132147
2015-12-08,41.52,41.79,38.8869,40.21,183099
2015-12-09,39.94,40.55,38.5,38.84,113082
2015-12-10,38.6,38.95,37.65,37.73,85540
2015-12-11,36.98,37.74,36.0001,36.72,102084
2015-12-14,36.71,37.4,35.62,36.67,166495
2015-12-15,37.15,39.28,37.15,39.09,102954
2015-12-16,38.75,39.43,38.62,39.13,71374
2015-12-17,39.35,39.53,38.3,38.39,85213
2015-12-18,38.08,38.769,36.93,37.89,324186
2015-12-21,40.0,43.495,38.28,41.92,191321
2015-12-22,41.76,42.19,40.49,41.97,104639
2015-12-23,42.0,42.63,41.03,41.58,106000
2015-12-24,41.62,42.79,41.6,42.37,22457
2015-12-28,42.06,42.06,40.84,41.18,45027
2015-12-29,41.14,41.94,40.1,40.66,111767
2015-12-30,40.45,40.925,36.54,38.23,176438
2015-12-31,37.97,39.5,36.518,37.1,111153
2016-01-04,36.79,37.4,35.0,37.26,139544
2016-01-05,37.77,40.06,37.16,39.01,213139
2016-01-06,38.53,41.13,38.52,40.3,205280
2016-01-07,39.53,40.6,39.01,39.87,301332
2016-01-08,40.43,40.45,38.55,39.07,185781
2016-01-11,39.58,40.175,38.93,39.23,129055
2016-01-12,39.59,40.0,37.74,39.02,145949
2016-01-13,39.33,39.33,35.73,36.42,197259
2016-01-14,36.42,36.98,34.05,34.11,243081
2016-01-15,33.93,34.97,32.34,34.43,215197
2016-01-19,34.75,34.75,32.7401,33.59,183534
2016-01-20,33.11,35.64,32.32,35.15,95242
2016-01-21,34.94,38.65,34.94,37.94,78919
2016-01-22,38.32,39.29,36.73,37.77,82271
2016-01-25,37.67,38.44,36.33,37.0,65455
2016-01-26,37.05,39.69,36.79,39.13,111327
2016-01-27,39.2,40.34,36.97,37.72,203297
2016-01-28,34.58,37.0,28.52,28.88,509220
2016-01-29,28.7,29.46,28.0301,28.94,266420
2016-02-01,28.84,29.14,28.27,28.77,80561
2016-02-02,28.49,29.095,27.56,28.23,92880
2016-02-03,28.29,28.66,26.87,28.16,441030
2016-02-04,27.95,30.11,27.95,29.95,103668
2016-02-05,29.89,31.81,29.89,31.24,78186
2016-02-08,30.94,33.27,30.14,32.99,128048
2016-02-09,32.59,33.09,30.99,32.11,107800
2016-02-10,32.5,33.01,31.5226,31.9,70024
2016-02-11,31.51,32.32,29.39,30.43,109379
2016-02-12,30.36,32.9876,30.04,32.41,113541
2016-02-16,32.795,34.13,31.74,33.46,97333
2016-02-17,33.65,34.16,33.03,33.1,106146
2016-02-18,33.38,33.405,32.41,33.04,172504
2016-02-19,32.93,33.22,31.53,31.72,56709
2016-02-22,31.82,33.2,31.82,32.32,128467
2016-02-23,31.65,33.08,31.35,32.12,221827
2016-02-24,32.21,33.84,30.99,33.7,211567
2016-02-25,33.59,33.77,32.93,33.67,79698
2016-02-26,34.0,34.26,33.2,33.93,102131
2016-02-29,34.0,36.84,34.0,36.73,241963
2016-03-01,36.78,36.78,35.1,36.52,106228
2016-03-02,36.5,36.7,35.55,35.66,112504
2016-03-03,35.42,36.9,35.42,36.89,108146
2016-03-04,36.72,38.213,36.72,38.08,153062
2016-03-07,37.97,38.2195,37.0,38.2,120844
2016-03-08,37.74,37.74,35.13,35.75,194131
2016-03-09,36.01,36.92,33.9703,36.74,190235
2016-03-10,37.04,37.27,35.52,36.11,81382
2016-03-11,36.6,36.95,35.25,36.89,42751
2016-03-14,38.07,38.41,36.2,36.62,121875
2016-03-15,36.23,36.34,33.15,34.23,159039
2016-03-16,34.45,36.6935,33.86,35.76,174972
2016-03-17,35.89,39.35,35.89,38.43,148162
2016-03-18,38.53,39.68,35.9,38.52,325632
2016-03-21,38.24,39.635,38.22,38.96,121720
2016-03-22,38.52,38.98,37.232,38.37,90630
2016-03-23,38.4,38.62,35.97,35.98,76119
2016-03-24,35.9,37.53,35.6,37.38,55740
2016-03-28,37.54,37.82,36.09,36.97,111662
2016-03-29,36.92,37.78,36.18,37.74,150148
2016-03-30,37.87,38.27,35.62,37.89,123401
2016-03-31,38.2,38.93,37.85,37.92,121679
2016-04-01,37.88,38.52,34.56,34.87,211963
2016-04-04,34.93,35.02,34.02,34.72,105321
2016-04-05,34.3,34.57,33.1375,33.65,113447
2016-04-06,33.91,34.19,32.4005,33.03,137055
2016-04-07,32.68,36.0,32.68,34.19,265985
2016-04-08,34.62,35.53,33.8265,34.43,79137
2016-04-11,33.85,34.911,33.52,34.45,100909
2016-04-12,34.62,35.68,33.95,35.32,98066
2016-04-13,35.34,38.45,35.22,37.86,118054
2016-04-14,37.83,38.1,36.3763,37.47,92006
2016-04-15,37.45,37.63,35.67,35.94,77885
2016-04-18,35.94,37.89,35.92,37.77,95632
2016-04-19,38.0,38.69,37.99,38.38,49993
2016-04-20,38.49,39.95,35.93,39.8,89646
2016-04-21,39.98,41.27,39.08,41.14,114335
2016-04-22,41.65,41.96,40.63,41.62,85442
2016-04-25,41.69,41.8899,40.25,41.19,84051
2016-04-26,41.06,43.72,41.02,43.6,97655
2016-04-27,43.5,44.78,43.26,44.67,93720
2016-04-28,44.73,46.24,44.29,44.48,149347
2016-04-29,43.91,45.83,42.73,43.39,106875
2016-05-02,43.66,44.31,42.84,44.22,124402
2016-05-03,43.73,43.91,42.66,43.49,89885
2016-05-04,43.02,44.0975,42.86,43.91,156410
2016-05-05,44.39,45.98,38.74,39.8,207877
2016-05-06,39.35,42.57,39.35,42.0,233874
2016-05-09,41.84,43.205,39.36,40.83,107471
2016-05-10,40.95,43.59,40.205,43.37,95895
2016-05-11,43.22,44.185,41.51,41.72,92011
2016-05-12,42.02,43.135,39.68,40.59,136617
2016-05-13,40.53,41.315,39.22,40.04,113790
2016-05-16,40.19,41.71,40.19,41.38,97104
2016-05-17,41.14,42.33,40.76,41.22,102982
2016-05-18,41.23,42.14,38.65,40.69,78208
2016-05-19,40.42,41.89,39.18,40.31,87647
2016-05-20,40.65,41.83,40.35,41.7,122624
2016-05-23,41.45,42.415,41.14,41.16,110701
2016-05-24,40.96,43.18,40.82,42.97,120385
2016-05-25,42.99,43.62,42.33,43.1,90318
2016-05-26,43.19,43.6499,41.76,41.88,138214
2016-05-27,41.96,44.18,41.49,43.29,133622
2016-05-31,43.23,44.4799,42.325,43.68,118911
2016-06-01,43.32,43.72,42.7,43.12,153220
2016-06-02,37.8,41.96,37.8,41.04,150313
2016-06-03,40.99,41.38,39.71,41.0,90042
2016-06-06,40.92,42.97,40.5608,42.63,62296
2016-06-07,42.42,43.01,41.53,42.26,138217
2016-06-08,42.53,43.86,41.72,42.52,78050
2016-06-09,42.36,43.03,41.24,41.53,91006
2016-06-10,41.03,41.08,39.65,39.93,70969
2016-06-13,39.58,40.32,38.78,39.38,84215
2016-06-14,39.07,39.9,38.41,39.81,52384
2016-06-15,39.95,42.7,39.87,40.51,251456
2016-06-16,40.42,41.12,39.49,40.9,57571
2016-06-17,41.02,43.86,40.97,41.59,223726
2016-06-20,41.95,42.9499,41.59,42.22,99726
2016-06-21,42.69,42.89,40.42,41.27,108247
2016-06-22,41.22,42.16,40.35,40.71,106116
2016-06-23,41.31,43.36,41.04,42.94,147948
2016-06-24,40.8,42.64,39.9,42.53,362156
2016-06-27,42.49,42.49,39.9,41.17,170459
2016-06-28,41.86,42.77,41.2801,41.95,171573
2016-06-29,42.41,43.355,41.33,43.09,196352
2016-06-30,43.37,45.67,42.82,45.6,232192
2016-07-01,45.5,47.25,45.43,46.73,107616
2016-07-05,46.34,46.39,43.66,44.12,80375
2016-07-06,44.12,46.64,43.67,46.15,126688
2016-07-07,46.46,47.25,46.08,46.47,150374
2016-07-08,47.0,49.14,46.88,48.99,155107
2016-07-11,49.25,49.99,48.48,49.91,92781
2016-07-12,50.25,51.5,50.25,50.97,100608
2016-07-13,51.2,52.42,50.78,52.11,73006
2016-07-14,52.68,53.305,51.52,51.92,109867
2016-07-15,52.08,54.15,51.74,54.07,93906
2016-07-18,54.0,54.0,51.021,53.35,185358
2016-07-19,53.45,54.09,52.9365,53.54,111376
2016-07-20,53.79,55.38,53.02,54.78,74900
2016-07-21,54.5,55.43,53.4601,53.97,65507
2016-07-22,53.81,54.73,53.28,54.09,109914
2016-07-25,53.93,54.175,52.69,53.37,97476
2016-07-26,53.56,53.8,52.8301,53.11,77024
2016-07-27,53.2,55.15,53.2,54.99,140678
2016-07-28,49.53,50.83,44.1,44.47,523417
2016-07-29,43.73,45.03,42.62,43.46,219410
2016-08-01,43.58,46.17,43.58,45.53,128676
2016-08-02,45.53,45.93,42.33,42.51,158673
2016-08-03,42.83,44.238,42.54,43.81,141708
2016-08-04,44.17,45.61,43.4907,43.79,342627
2016-08-05,43.9,46.04,43.23,45.49,327452
2016-08-08,45.36,46.47,44.69,45.83,109788
2016-08-09,45.78,47.005,45.03,45.39,52321
2016-08-10,45.58,45.58,44.66,44.95,48490
2016-08-11,45.24,46.6,45.13,46.05,145118
2016-08-12,46.42,46.42,44.34,45.65,146479
2016-08-15,45.41,46.5,45.41,46.35,35166
2016-08-16,45.83,46.9523,45.83,46.51,59961
2016-08-17,46.37,46.66,45.47,46.37,56914
2016-08-18,46.52,46.73,45.6201,45.89,58809
2016-08-19,45.76,46.13,44.75,45.07,150549
2016-08-22,44.96,46.5,44.68,46.23,59645
2016-08-23,46.57,47.6199,45.94,47.35,84602
2016-08-24,47.28,48.84,45.3,45.85,89605
2016-08-25,45.4,46.755,45.39,46.41,71645
2016-08-26,46.63,47.565,45.97,46.51,66870
2016-08-29,47.18,47.18,46.11,46.61,64796
2016-08-30,47.0,47.52,46.63,47.36,69699
2016-08-31,47.57,50.46,46.15,48.11,637966
2016-09-01,48.11,50.29,47.73,49.35,264704
2016-09-02,49.6,50.07,47.04,49.89,132190
2016-09-06,49.57,49.87,47.77,48.74,189439
2016-09-07,48.86,49.35,47.9901,48.58,171023
2016-09-08,48.28,50.4699,47.82,50.09,153350
2016-09-09,49.29,50.37,47.43,47.5,134624
2016-09-12,47.5,48.65,46.13,48.26,222760
2016-09-13,47.69,48.18,44.65,45.33,239261
2016-09-14,45.34,46.58,44.44,45.84,242630
2016-09-15,46.06,46.7499,45.23,46.64,124627
2016-09-16,46.21,47.21,45.32,45.59,506390
2016-09-19,46.21,46.98,44.3,45.76,221578
2016-09-20,46.25,46.51,45.11,45.66,105911
2016-09-21,45.78,46.78,45.46,46.22,98931
2016-09-22,46.81,48.28,45.77,48.19,119145
2016-09-23,48.21,49.07,48.0,48.92,90752
2016-09-26,48.7,48.7,47.13,47.76,107751
2016-09-27,47.65,48.67,44.24,48.13,75196
2016-09-28,48.42,50.06,48.42,49.48,146302
2016-09-29,49.41,49.94,47.581,47.8,92202
2016-09-30,48.21,49.75,47.65,49.04,69993
2016-10-03,49.18,51.5,48.76,51.41,125041
2016-10-04,51.45,52.24,50.67,50.94,65115
2016-10-05,51.44,52.68,50.49,51.64,73461
2016-10-06,51.36,51.61,50.23,51.5,70334
2016-10-07,51.82,51.82,49.84,49.97,80221
2016-10-10,50.64,51.38,50.33,50.5,114135
2016-10-11,50.74,51.28,49.68,50.1,164832
2016-10-12,50.3,50.32,49.115,49.66,108191
2016-10-13,49.12,49.27,48.23,48.51,58522
2016-10-14,49.29,50.08,49.04,49.26,42957
2016-10-17,49.1,49.84,48.77,49.24,65815
2016-10-18,50.0,50.0,49.0,49.25,59122
2016-10-19,49.56,51.54,49.28,50.96,104882
2016-10-20,50.76,51.35,49.6404,50.25,57938
2016-10-21,49.61,50.31,48.54,49.51,25243
2016-10-24,50.2,50.2,48.19,48.75,45776
2016-10-25,48.59,49.05,48.01,48.36,34506
2016-10-26,48.07,48.91,48.07,48.2,63214
2016-10-27,48.65,49.59,48.13,48.49,44255
2016-10-28,48.34,49.179,47.395,48.04,58124
2016-10-31,48.48,48.7,47.12,47.52,81336
2016-11-01,46.9,47.16,45.49,46.08,129351
2016-11-02,45.89,46.67,44.98,45.06,122770
2016-11-03,47.95,49.0,45.95,46.08,224231
2016-11-04,45.6,45.85,43.5,43.68,142139
2016-11-07,44.85,46.8025,44.505,46.54,106688
2016-11-08,46.5,46.5,44.66,45.33,102504
2016-11-09,49.0,52.4,48.5,50.58,435597
2016-11-10,51.38,56.0,50.16,55.23,181387
2016-11-11,55.07,59.25,54.75,59.0,193475
2016-11-14,59.5,59.85,58.42,59.59,171890
2016-11-15,59.0,59.4,57.32,59.12,129998
2016-11-16,58.82,60.21,57.4953,59.9,157421
2016-11-17,59.55,61.76,58.73,61.5,154294
2016-11-18,59.81,59.9595,55.27,57.76,126055
2016-11-21,58.27,59.105,56.76,58.45,100448
2016-11-22,58.81,59.5,57.24,59.47,66431
2016-11-23,59.5,60.58,58.2,59.73,63209
2016-11-25,59.69,60.01,59.06,59.73,21381
2016-11-28,59.21,60.36,58.1,58.17,66457
2016-11-29,58.38,59.13,57.53,57.63,67100
2016-11-30,58.5,58.6,56.0601,56.27,76963
2016-12-01,56.63,57.07,55.67,56.33,85666
2016-12-02,56.09,57.99,55.571,55.99,84364
2016-12-05,56.75,59.615,56.58,59.15,121989
2016-12-06,59.4,63.2,59.11,62.8,201104
2016-12-07,63.33,65.56,62.27,65.44,102311
2016-12-08,65.44,68.69,65.081,67.49,158778
2016-12-09,67.66,68.04,66.15,66.84,94172
2016-12-12,66.39,66.4,64.23,64.66,92998
2016-12-13,65.1,66.5,63.93,64.14,86871
2016-12-14,63.82,65.32,63.26,63.92,55130
2016-12-15,64.22,65.53,64.22,64.79,75156
2016-12-16,64.9,65.45,62.31,62.43,227818
2016-12-19,63.02,64.3699,62.32,63.16,64884
2016-12-20,63.83,66.9,63.83,66.59,101874
2016-12-21,66.5,67.26,65.635,66.01,43462
2016-12-22,66.1,66.81,64.35,65.4,59194
2016-12-23,65.3,66.03,63.9,65.32,51458
2016-12-27,65.73,67.353,64.8239,66.83,78022
2016-12-28,66.96,67.49,65.27,65.73,55575
2016-12-29,65.7,67.1,64.86,65.87,59614
2016-12-30,66.07,66.59,63.92,64.28,81409
2017-01-03,64.93,65.905,64.0146,65.8,82991
2017-01-04,66.45,68.83,65.9096,68.48,68369
2017-01-05,68.23,68.25,65.2,65.25,98418
2017-01-06,65.69,65.99,64.07,64.44,52194
2017-01-09,64.25,65.79,63.8,64.93,71354
2017-01-10,62.48,63.115,59.25,60.69,302080
2017-01-11,60.69,62.69,60.29,61.96,130543
2017-01-12,60.03,60.94,56.74,58.46,148250
2017-01-13,58.86,60.135,58.5,59.34,100159
2017-01-17,58.58,59.1699,56.87,57.11,96989
2017-01-18,56.75,58.46,56.3,58.34,94151
2017-01-19,58.09,58.58,57.245,58.49,53985
2017-01-20,59.16,59.85,58.58,59.17,88637
2017-01-23,58.89,59.78,58.37,59.09,84613
2017-01-24,59.26,60.67,58.62,60.42,59592
2017-01-25,60.75,61.23,60.02,60.45,102149
2017-01-26,48.44,53.38,42.01,49.37,939481
2017-01-27,47.98,49.7434,46.88,48.59,399089
2017-01-30,47.97,50.49,47.09,49.5,184272
2017-01-31,49.24,51.045,48.1799,49.07,166983
2017-02-01,49.97,50.74,47.06,47.32,145976
2017-02-02,47.21,47.78,46.23,47.27,151600
2017-02-03,48.25,49.75,47.5,49.31,151734
2017-02-06,48.93,49.59,47.82,49.14,78396
2017-02-07,49.33,50.98,47.2318,49.84,115083
2017-02-08,49.51,50.99,49.0,50.43,126530
2017-02-09,50.54,52.1599,50.25,51.26,128107
2017-02-10,51.6,52.01,50.77,50.93,67075
2017-02-13,51.27,52.45,50.69,51.05,91089
2017-02-14,50.8,52.12,50.52,51.81,86370
2017-02-15,51.71,53.24,51.15,53.16,95836
2017-02-16,52.77,54.31,52.48,53.85,113174
2017-02-17,53.36,53.98,53.1,53.68,102008
2017-02-21,53.92,53.92,52.85,53.26,105107
2017-02-22,52.93,54.25,52.43,53.85,89915
2017-02-23,54.0,54.25,53.1,54.09,119270
2017-02-24,53.41,54.49,52.835,53.89,139530
2017-02-27,53.95,54.5,53.0206,54.21,117819
2017-02-28,53.81,54.09,51.63,52.44,124404
2017-03-01,53.23,54.5299,52.21,52.51,108837
2017-03-02,52.65,53.49,51.79,53.11,88669
2017-03-03,53.06,53.73,52.42,53.23,90634
2017-03-06,53.11,53.25,51.65,51.96,91689
2017-03-07,52.35,52.6,51.195,51.21,79672
2017-03-08,51.22,52.0,50.59,51.23,85799
2017-03-09,50.21,52.66,50.21,50.71,77850
2017-03-10,51.58,51.58,50.21,50.65,69906
2017-03-13,50.65,51.59,50.46,50.57,65040
2017-03-14,50.28,50.33,49.39,49.85,88302
2017-03-15,51.475,51.475,49.4551,49.88,62808
2017-03-16,50.37,51.405,49.72,50.8,78248
2017-03-17,50.69,52.53,50.69,52.25,155591
2017-03-20,51.85,53.1525,51.57,52.09,54170
2017-03-21,52.46,52.56,49.97,50.08,104457
2017-03-22,49.85,49.86,48.86,49.32,79114
2017-03-23,49.48,50.15,48.34,48.53,84905
2017-03-24,48.77,49.17,48.14,48.55,69969
2017-03-27,48.03,49.54,47.45,49.04,118975
2017-03-28,48.83,50.435,48.57,49.86,77880
2017-03-29,49.63,50.52,49.22,49.94,82268
2017-03-30,49.86,52.3,49.86,51.6,94066
2017-03-31,51.7,52.05,51.24,51.78,122119
2017-04-03,51.82,52.58,49.26,50.93,94240
2017-04-04,51.525,52.12,50.37,50.59,59443
2017-04-05,50.89,51.4,49.905,50.32,128426
2017-04-06,50.38,51.8484,49.37,51.54,94016
2017-04-07,51.29,51.98,49.39,51.88,105842
2017-04-10,52.0,52.5,51.0801,52.28,149128
2017-04-11,52.17,52.17,50.73,51.94,110009
2017-04-12,51.96,52.88,50.96,51.16,111985
2017-04-13,51.11,52.2,50.26,51.11,91703
2017-04-17,51.36,52.06,50.83,51.635,66718
2017-04-18,51.39,52.2,50.9,51.74,102008
2017-04-19,51.75,52.64,51.38,51.61,92990
2017-04-20,52.04,54.64,52.04,53.59,163676
2017-04-21,53.7,53.93,52.19,53.04,115170
2017-04-24,54.14,55.41,53.0,54.6,130649
2017-04-25,55.0,55.96,54.5,54.91,82604
2017-04-26,54.95,55.21,54.25,54.63,123053
2017-04-27,54.96,55.1,53.68,53.84,63422
2017-04-28,53.46,54.65,52.73,52.9,82221
2017-05-01,53.18,53.34,51.15,53.07,101548
2017-05-02,52.99,53.58,52.48,53.5,80339
2017-05-03,53.25,55.0,52.83,54.82,113420
2017-05-04,55.0,55.33,53.93,54.91,68432
2017-05-05,55.07,56.27,54.41,56.07,113610
2017-05-08,56.4,64.74,55.67,63.5,574510
2017-05-09,75.6,88.26,74.42,88.0,1419334
2017-05-10,83.25,85.73,82.23,82.38,821502
2017-05-11,81.15,82.81,78.77,79.03,334084
2017-05-12,78.38,80.605,77.33,79.0,344493
2017-05-15,80.0,80.7,77.59,78.71,184975
2017-05-16,79.15,79.73,76.9725,78.95,128417
2017-05-17,77.76,80.07,76.52,78.54,222519
2017-05-18,78.69,81.06,78.08,80.03,192347
2017-05-19,80.18,82.63,80.09,81.91,163631
2017-05-22,81.86,81.86,79.4262,80.04,142599
2017-05-23,80.51,81.49,78.5,81.14,114266
2017-05-24,81.0,84.01,80.19,80.9,174734
2017-05-25,81.11,81.56,78.73,79.01,109728
2017-05-26,78.69,80.949,77.09,79.55,161064
2017-05-30,79.83,79.97,77.52,78.47,102836
2017-05-31,78.44,78.44,76.16,78.12,220842
2017-06-01,78.68,80.71,77.2514,79.78,127795
2017-06-02,79.74,81.34,78.46,78.93,120967
2017-06-05,79.24,80.86,78.85,78.9,65927
2017-06-06,78.6,80.05,75.271,79.32,78606
2017-06-07,79.65,81.2,78.15,80.08,103845
2017-06-08,80.12,83.86,80.12,82.9,157730
2017-06-09,83.0,84.02,81.28,82.16,100966
2017-06-12,81.29,82.55,79.9601,82.07,119228
2017-06-13,82.32,85.87,81.73,84.91,167235
2017-06-14,85.22,85.22,81.8,83.3,83320
2017-06-15,73.77,77.02,71.81,73.0,553466
2017-06-16,73.15,75.5375,73.15,73.88,221509
2017-06-19,74.29,74.81,72.75,73.1,142473
2017-06-20,73.12,74.49,71.84,73.32,139212
2017-06-21,73.58,74.75,72.0501,72.59,74727
2017-06-22,72.59,73.91,71.78,73.14,87478
2017-06-23,73.19,75.2,71.8,73.16,162479
2017-06-26,73.78,75.65,73.28,74.89,118356
2017-06-27,74.88,75.96,73.875,74.97,110779
2017-06-28,75.17,76.55,73.38,75.73,153878
2017-06-29,76.3,76.8,73.65,74.21,79902
2017-06-30,74.2,75.74,72.86,74.91,186229
2017-07-03,75.4,77.28,74.19,74.37,42721
2017-07-05,74.66,77.3,73.4,76.18,207605
2017-07-06,76.1,77.39,74.7,74.91,84872
2017-07-07,75.4,77.37,75.4,76.44,99608
2017-07-10,76.18,78.61,75.54,77.17,84875
2017-07-11,77.61,78.66,76.675,77.81,101152
2017-07-12,78.17,79.13,77.9,78.33,89908
2017-07-13,78.21,81.24,77.7175,80.68,172672
2017-07-14,80.11,81.24,78.82,79.08,112353
2017-07-17,79.09,79.365,77.37,77.99,109603
2017-07-18,77.39,77.53,73.78,76.5,177951
2017-07-19,77.04,77.9899,74.8804,76.93,111201
2017-07-20,76.92,77.61,75.17,75.29,63395
2017-07-21,75.78,76.89,74.5,75.84,80193
2017-07-24,75.6,76.56,75.17,76.03,70248
2017-07-25,76.38,78.8,74.3925,77.05,87802
2017-07-26,77.05,77.05,75.4,75.84,78436
2017-07-27,76.41,76.54,73.01,75.25,80655
2017-07-28,75.07,76.5737,73.65,74.78,68856
2017-07-31,74.7,76.44,74.01,75.57,78830
2017-08-01,75.47,78.49,73.88,78.06,123664
2017-08-02,78.07,79.11,76.659,78.36,162761
2017-08-03,75.01,81.79,75.0,75.74,453932
2017-08-04,74.96,77.0,74.96,76.87,192683
2017-08-07,77.0,79.01,75.125,78.9,116343
2017-08-08,78.55,82.18,78.2482,80.42,136312
2017-08-09,80.16,80.51,77.25,78.68,219512
2017-08-10,78.06,78.1365,75.01,75.21,158829
2017-08-11,75.22,76.49,74.09,75.43,86668
2017-08-14,76.0,77.64,75.62,76.06,81965
2017-08-15,76.31,76.31,73.56,74.14,99006
2017-08-16,73.6374,75.2625,73.6374,74.57,69101
2017-08-17,74.35,75.085,72.82,73.01,90137
2017-08-18,72.47,73.15,71.97,73.0,88056
2017-08-21,73.01,74.59,71.51,73.15,120546
2017-08-22,73.15,74.31,72.87,73.89,57801
2017-08-23,73.45,73.565,72.48,72.9,67446
2017-08-24,72.5743,72.73,71.57,72.31,49879
2017-08-25,72.61,73.62,72.09,72.47,42716
2017-08-28,72.85,74.655,72.41,73.6,58736
2017-08-29,72.99,73.85,71.72,73.69,69613
2017-08-30,73.68,74.3,73.49,73.79,49353
2017-08-31,74.1,76.08,74.1,74.82,85697
2017-09-01,73.945,78.31,73.945,77.31,58612
2017-09-05,76.82,76.97,74.96,76.62,59430
2017-09-06,75.495,79.46,75.495,79.31,101092
2017-09-07,79.12,79.12,77.19,77.66,83790
2017-09-08,77.85,79.58,76.56,77.92,46639
2017-09-11,78.55,79.57,76.73,79.41,68113
2017-09-12,79.97,82.3228,79.705,81.12,38964
2017-09-13,81.09,81.1271,79.59,80.22,59723
2017-09-14,80.17,80.45,78.17,78.81,58990
2017-09-15,78.94,79.82,77.93,78.98,144515
2017-09-18,79.35,81.0,78.27,80.05,111852
2017-09-19,80.5,80.5,79.23,79.54,64533
2017-09-20,79.3,81.5,79.3,80.9,128183
2017-09-21,81.04,81.04,79.05,79.55,66022
2017-09-22,79.58,80.23,79.05,79.68,39139
2017-09-25,80.66,81.11,79.19,80.5,62137
2017-09-26,80.51,81.29,80.12,80.89,57213
2017-09-27,81.66,83.72,80.11,83.34,108110
2017-09-28,82.86,83.87,81.7646,82.93,30046
2017-09-29,82.92,84.58,82.51,82.89,68674
2017-10-02,82.57,85.51,82.57,84.63,71011
2017-10-03,84.04,84.715,81.775,83.31,80165
2017-10-04,83.47,84.38,82.16,83.56,55600
2017-10-05,83.56,86.32,80.04,85.74,131743
2017-10-06,85.73,86.26,83.87,84.32,56100
2017-10-09,85.15,85.15,82.45,83.61,48432
2017-10-10,84.0,85.9175,83.21,84.63,40842
2017-10-11,84.4,85.37,84.17,85.12,44233
2017-10-12,84.75,85.57,84.1,84.44,30602
2017-10-13,84.43,84.82,82.68,82.88,35798
2017-10-16,83.02,84.555,81.36,81.72,59700
2017-10-17,81.71,83.4,80.92,82.26,52647
2017-10-18,82.1,83.89,80.29,82.85,50770
2017-10-19,81.9,82.25,79.84,81.64,78570
2017-10-20,82.46,82.9,81.72,81.91,54653
2017-10-23,81.78,82.8,81.51,82.44,54984
2017-10-24,82.33,83.08,81.625,82.5,63938
2017-10-25,82.48,83.37,81.205,82.0,68228
2017-10-26,82.41,82.84,81.02,81.19,55217
2017-10-27,81.56,83.85,80.56,83.35,40507
2017-10-30,82.61,85.33,82.29,84.78,54471
2017-10-31,84.8,87.87,84.34,87.5,108890
2017-11-01,77.8,82.75,77.41,78.465,435199
2017-11-02,77.51,79.15,75.46,77.03,204105
2017-11-03,77.2,78.765,75.31,75.53,103412
2017-11-06,75.56,78.575,74.77,77.25,119247
2017-11-07,77.59,78.11,74.2,76.18,188195
2017-11-08,76.19,77.21,75.51,76.79,89207
2017-11-09,76.3,77.82,74.85,76.18,79868
2017-11-10,76.17,76.85,74.3,74.78,97592
2017-11-13,74.04,74.69,72.71,73.15,131637
2017-11-14,72.76,73.7,71.17,72.45,110256
2017-11-15,71.76,76.27,71.02,76.12,188228
2017-11-16,76.24,77.61,76.12,76.66,129300
2017-11-17,76.18,77.72,74.39,77.09,82850
2017-11-20,77.15,78.08,75.09,77.96,53672
2017-11-21,78.07,79.65,76.2869,77.43,82257
2017-11-22,77.3,77.3,75.0,75.5,48487
2017-11-24,75.78,76.96,75.13,76.4,54553
2017-11-27,76.42,84.83,75.2,75.75,101333
2017-11-28,75.76,79.65,75.76,79.14,147937
2017-11-29,80.22,83.6799,76.9651,83.28,135805
2017-11-30,83.91,84.82,81.775,82.98,133846
2017-12-01,80.215,83.72,79.39,83.54,73711
2017-12-04,84.0,84.575,80.79,81.17,65145
2017-12-05,81.18,83.36,80.09,80.75,60943
2017-12-06,81.47,81.65,79.24,79.98,53402
2017-12-07,79.62,80.42,78.0,79.51,90244
2017-12-08,79.79,80.5,77.67,79.73,44174
2017-12-11,79.98,81.0,79.3,79.56,42018
